drug,mu0,s_mu0,sigma0,log_sigma0,log_s_sigma0,d_mean,d_sd,adr
Pro,66.97963741824955,15.699588631477534,9.011558049767158,2.1985079811729875,0.7838733821004986,0.34893650517498703,13.013653763686722,0.6652686402736248
Lid,60.86903063853315,5.093494279873155,11.28803137842531,2.4237429943504507,0.5086964435507031,0.34893650517498703,13.013653763686722,0.6652686402736248
Mep,50.048058102343475,11.957781054848892,11.100317788468615,2.4069737375002367,0.6509851297999891,0.34893650517498703,13.013653763686722,0.6652686402736248
Bup,29.07974064858609,20.262773594417467,12.153464557907183,2.4976142779383106,0.8272546514256773,0.34893650517498703,13.013653763686722,0.6652686402736248
